/*
 Navicat Premium Data Transfer

 Source Server         : 阿里云服务器
 Source Server Type    : MySQL
 Source Server Version : 50730
 Source Host           : 101.200.125.41:3306
 Source Schema         : hewei

 Target Server Type    : MySQL
 Target Server Version : 50730
 File Encoding         : 65001

 Date: 17/06/2020 16:08:35
*/

SET NAMES utf8mb4;
SET FOREIGN_KEY_CHECKS = 0;

-- ----------------------------
-- Table structure for blog_article
-- ----------------------------
DROP TABLE IF EXISTS `blog_article`;
CREATE TABLE `blog_article`  (
  `id` bigint(20) NOT NULL AUTO_INCREMENT COMMENT 'ID',
  `create_time` timestamp(0) NOT NULL DEFAULT CURRENT_TIMESTAMP(0) COMMENT '注册时间',
  `update_time` timestamp(0) NOT NULL DEFAULT CURRENT_TIMESTAMP(0) ON UPDATE CURRENT_TIMESTAMP(0) COMMENT '更新时间',
  `deleted` tinyint(4) NOT NULL DEFAULT 0 COMMENT '状态',
  `title` varchar(255) CHARACTER SET utf8mb4 COLLATE utf8mb4_general_ci NOT NULL COMMENT '标题',
  `bool_markdown` tinyint(1) NOT NULL DEFAULT 0 COMMENT '是否是markdown',
  `bool_publish` tinyint(1) NOT NULL DEFAULT 0 COMMENT '是否发布',
  `content` text CHARACTER SET utf8mb4 COLLATE utf8mb4_general_ci NULL COMMENT '内容',
  `html_content` longblob NULL COMMENT '文章html格式',
  `label_id` bigint(20) NULL DEFAULT NULL COMMENT '标签id',
  `user_id` bigint(20) NOT NULL COMMENT '用户id',
  `count_view` int(11) UNSIGNED NOT NULL DEFAULT 0 COMMENT '浏览量',
  `count_comment` int(11) UNSIGNED NOT NULL DEFAULT 0 COMMENT '评论数',
  `upload_article_url` varchar(255) CHARACTER SET utf8mb4 COLLATE utf8mb4_general_ci NULL DEFAULT NULL COMMENT '上传的文章地址',
  PRIMARY KEY (`id`) USING BTREE
) ENGINE = InnoDB AUTO_INCREMENT = 9 CHARACTER SET = utf8mb4 COLLATE = utf8mb4_general_ci COMMENT = '博客文章表' ROW_FORMAT = Dynamic;

-- ----------------------------
-- Records of blog_article
-- ----------------------------
INSERT INTO `blog_article` VALUES (1, '2020-05-25 10:29:46', '2020-06-12 14:09:29', 1, '标题', 1, 0, '# 111\n\n## 222\n\n### 333', 0x3C68313E3C612069643D223131315F30223E3C2F613E3131313C2F68313E0A3C68323E3C612069643D223232325F32223E3C2F613E3232323C2F68323E0A3C68333E3C612069643D223333335F34223E3C2F613E3333333C2F68333E0A, 1, 1, 0, 0, NULL);
INSERT INTO `blog_article` VALUES (2, '2020-05-25 10:40:29', '2020-06-12 17:41:47', 1, '测试', 1, 0, '## 测是\n\n答复安抚', NULL, 1, 1, 0, 0, NULL);
INSERT INTO `blog_article` VALUES (3, '2020-05-26 17:17:20', '2020-06-12 14:09:29', 0, '测试', 1, 0, '## 测试\n\n内容', 0x3C68323E3C612069643D225F30223E3C2F613EE6B58BE8AF953C2F68323E0A3C703EE58685E5AEB93C2F703E0A, 1, 1, 0, 0, NULL);
INSERT INTO `blog_article` VALUES (4, '2020-05-27 16:47:58', '2020-06-12 14:09:31', 0, '测试图片', 1, 0, '123', 0x3C703E3132333C2F703E0A, 2, 1, 0, 0, NULL);
INSERT INTO `blog_article` VALUES (5, '2020-05-29 15:36:01', '2020-06-12 14:09:31', 0, '测试功能', 1, 0, '~^下角标^~::: hljs-right\n\n**1. 下划线**## 二级标题\n\n:::\n', 0x3C703E3C7375623E5EE4B88BE8A792E6A0875E3C2F7375623E3A3A3A20686C6A732D72696768743C2F703E0A3C703E3C7374726F6E673E312E20E4B88BE58892E7BABF3C2F7374726F6E673E232320E4BA8CE7BAA7E6A087E9A2983C2F703E0A3C703E3A3A3A3C2F703E0A, 2, 1, 0, 0, NULL);
INSERT INTO `blog_article` VALUES (6, '2020-06-09 16:37:02', '2020-06-12 17:41:44', 1, '阿里云上搭建环境', 1, 0, '@[TOC]   \n\n一直想买台阿里服务器，奈何下不了决心，回首这五年工作经历，啥也不是。所以下定决心，花三百多买个三年的服务器用着，记录平时所学所想。\n![服务器信息.png](1)\n     搭建服务器上的环境，目标，部署下项目并可以访问。部署方式：手动部署，原因镜像要花钱。要不是贫穷，谁愿意整的自己一身才华。\n \n## 先整个mysql上去\n\n### 下载\n[下载地址]( https://dev.mysql.com/downloads/mysql/5.7.html#downloads)\n\n\n\n', 0x3C703E3C68333E5461626C65206F6620436F6E74656E74733C2F68333E3C756C3E3C756C3E3C6C693E3C6120687265663D22236D7973716C5F36223EE58588E695B4E4B8AA6D7973716CE4B88AE58EBB3C2F613E3C2F6C693E3C756C3E3C6C693E3C6120687265663D22235F38223EE4B88BE8BDBD3C2F613E3C2F6C693E3C2F756C3E3C2F756C3E3C2F756C3E3C2F703E0A3C703EE4B880E79BB4E683B3E4B9B0E58FB0E998BFE9878CE69C8DE58AA1E599A8EFBC8CE5A588E4BD95E4B88BE4B88DE4BA86E586B3E5BF83EFBC8CE59B9EE9A696E8BF99E4BA94E5B9B4E5B7A5E4BD9CE7BB8FE58E86EFBC8CE595A5E4B99FE4B88DE698AFE38082E68980E4BBA5E4B88BE5AE9AE586B3E5BF83EFBC8CE88AB1E4B889E799BEE5A49AE4B9B0E4B8AAE4B889E5B9B4E79A84E69C8DE58AA1E599A8E794A8E79D80EFBC8CE8AEB0E5BD95E5B9B3E697B6E68980E5ADA6E68980E683B3E380823C6272202F3E0A3C696D67207372633D22312220616C743D22E69C8DE58AA1E599A8E4BFA1E681AF2E706E6722202F3E3C6272202F3E0AE690ADE5BBBAE69C8DE58AA1E599A8E4B88AE79A84E78EAFE5A283EFBC8CE79BAEE6A087EFBC8CE983A8E7BDB2E4B88BE9A1B9E79BAEE5B9B6E58FAFE4BBA5E8AEBFE997AEE38082E983A8E7BDB2E696B9E5BC8FEFBC9AE6898BE58AA8E983A8E7BDB2EFBC8CE58E9FE59BA0E9959CE5838FE8A681E88AB1E992B1E38082E8A681E4B88DE698AFE8B4ABE7A9B7EFBC8CE8B081E684BFE6848FE695B4E79A84E887AAE5B7B1E4B880E8BAABE6898DE58D8EE380823C2F703E0A3C68323E3C612069643D226D7973716C5F36223E3C2F613EE58588E695B4E4B8AA6D7973716CE4B88AE58EBB3C2F68323E0A3C68333E3C612069643D225F38223E3C2F613EE4B88BE8BDBD3C2F68333E0A3C703E3C6120687265663D2268747470733A2F2F6465762E6D7973716C2E636F6D2F646F776E6C6F6164732F6D7973716C2F352E372E68746D6C23646F776E6C6F61647322207461726765743D225F626C616E6B223EE4B88BE8BDBDE59CB0E59D803C2F613E3C2F703E0A, 3, 1, 0, 0, NULL);
INSERT INTO `blog_article` VALUES (7, '2020-06-11 21:34:45', '2020-06-12 14:09:33', 0, '测试哈', 1, 1, '去23', 0x3C703EE58EBB32333C2F703E0A, 3, 1, 0, 0, NULL);
INSERT INTO `blog_article` VALUES (8, '2020-06-12 14:57:23', '2020-06-12 17:04:04', 0, 'vue基于element-ui table做行内编辑', 1, 1, '在做行内编辑的时候，直接对对象数组的属性赋值发现没有做响应式的\n现象： 点击编辑的时候，没有切换程输入框。f12后，输入框才切换出来\n \n[vue文档地址](https://cn.vuejs.org/v2/guide/reactivity.html#%E5%A6%82%E4%BD%95%E8%BF%BD%E8%B8%AA%E5%8F%98%E5%8C%96)\n\n```\nvar vm = new Vue({\n  data: {\n    items: [\'a\', \'b\', \'c\']\n  }\n})\nvm.items[1] = \'x\' // 不是响应性的\nvm.items.length = 2 // 不是响应性的\n\n```\n\n代码如下\n```\n <el-table :data=\"labelList\" style=\"width: 100%\" border stripe>\n        <el-table-column type=\"index\" label=\"序号\" width=\"80\" align=\"center\"></el-table-column>\n        <el-table-column prop=\"name\" label=\"名称\" align=\"center\">\n            <template slot-scope=\"scope\">\n                <el-input placeholder=\"名称\" size=\"small\" v-show=\"scope.row.show\" v-model=\"scope.row.name\"></el-input>\n                <span v-show=\"!scope.row.show\">{{scope.row.name}}</span>\n            </template>\n        </el-table-column>\n        <el-table-column label=\"操作\" align=\"center\" width=\"180\">\n            <template slot-scope=\"scope\">\n                <el-button v-if=\"!scope.row.show\" size=\"mini\" @click=\"handleEdit(scope.$index)\">编辑</el-button>\n                <el-button v-else size=\"mini\" @click=\"saveLabel(scope.row)\">保存</el-button>\n                <el-button type=\"danger\" size=\"mini\" @click=\"deleteLabel(scope.row.id)\">删除</el-button>\n            </template>\n        </el-table-column>\n    </el-table>\n```\n注意一下，需要给数组理的对象增加一个显示隐藏属性\n\n```\n    // 给每个对象加个属性\n    list.forEach(item => {\n        item[\"show\"] = false\n    });\n    this.labelList = list;\n```\n对数组的的对象属性做响应式赋值\n```\n handleEdit(index) {\n                // 对数组元素直接辅助是没有做响应式的\n                // https://cn.vuejs.org/v2/guide/reactivity.html#%E5%A6%82%E4%BD%95%E8%BF%BD%E8%B8%AA%E5%8F%98%E5%8C%96\n                // row.show = true; 这样是不行的\n   let data = this.labelList[index];\n   data = {\n   id: data.id,\n   name: data.name,\n   show: !data.show\n   }\n   this.$set(this.labelList, index, data)\n},\n```\n', 0x3C703EE59CA8E5819AE8A18CE58685E7BC96E8BE91E79A84E697B6E58099EFBC8CE79BB4E68EA5E5AFB9E5AFB9E8B1A1E695B0E7BB84E79A84E5B19EE680A7E8B58BE580BCE58F91E78EB0E6B2A1E69C89E5819AE5938DE5BA94E5BC8FE79A843C6272202F3E0AE78EB0E8B1A1EFBC9A20E782B9E587BBE7BC96E8BE91E79A84E697B6E58099EFBC8CE6B2A1E69C89E58887E68DA2E7A88BE8BE93E585A5E6A186E38082663132E5908EEFBC8CE8BE93E585A5E6A186E6898DE58887E68DA2E587BAE69DA53C2F703E0A3C703E3C6120687265663D2268747470733A2F2F636E2E7675656A732E6F72672F76322F67756964652F726561637469766974792E68746D6C2325453525413625383225453425424425393525453825424625424425453825423825414125453525384625393825453525384325393622207461726765743D225F626C616E6B223E767565E69687E6A1A3E59CB0E59D803C2F613E3C2F703E0A3C7072653E3C636F646520636C6173733D226C616E672D223E76617220766D203D206E657720567565287B0A2020646174613A207B0A202020206974656D733A205B2761272C202762272C202763275D0A20207D0A7D290A766D2E6974656D735B315D203D20277827202F2F20E4B88DE698AFE5938DE5BA94E680A7E79A840A766D2E6974656D732E6C656E677468203D2032202F2F20E4B88DE698AFE5938DE5BA94E680A7E79A840A0A3C2F636F64653E3C2F7072653E0A3C703EE4BBA3E7A081E5A682E4B88B3C2F703E0A3C7072653E3C636F646520636C6173733D226C616E672D223E20266C743B656C2D7461626C65203A646174613D2671756F743B6C6162656C4C6973742671756F743B207374796C653D2671756F743B77696474683A20313030252671756F743B20626F72646572207374726970652667743B0A2020202020202020266C743B656C2D7461626C652D636F6C756D6E20747970653D2671756F743B696E6465782671756F743B206C6162656C3D2671756F743BE5BA8FE58FB72671756F743B2077696474683D2671756F743B38302671756F743B20616C69676E3D2671756F743B63656E7465722671756F743B2667743B266C743B2F656C2D7461626C652D636F6C756D6E2667743B0A2020202020202020266C743B656C2D7461626C652D636F6C756D6E2070726F703D2671756F743B6E616D652671756F743B206C6162656C3D2671756F743BE5908DE7A7B02671756F743B20616C69676E3D2671756F743B63656E7465722671756F743B2667743B0A202020202020202020202020266C743B74656D706C61746520736C6F742D73636F70653D2671756F743B73636F70652671756F743B2667743B0A20202020202020202020202020202020266C743B656C2D696E70757420706C616365686F6C6465723D2671756F743BE5908DE7A7B02671756F743B2073697A653D2671756F743B736D616C6C2671756F743B20762D73686F773D2671756F743B73636F70652E726F772E73686F772671756F743B20762D6D6F64656C3D2671756F743B73636F70652E726F772E6E616D652671756F743B2667743B266C743B2F656C2D696E7075742667743B0A20202020202020202020202020202020266C743B7370616E20762D73686F773D2671756F743B2173636F70652E726F772E73686F772671756F743B2667743B7B7B73636F70652E726F772E6E616D657D7D266C743B2F7370616E2667743B0A202020202020202020202020266C743B2F74656D706C6174652667743B0A2020202020202020266C743B2F656C2D7461626C652D636F6C756D6E2667743B0A2020202020202020266C743B656C2D7461626C652D636F6C756D6E206C6162656C3D2671756F743BE6938DE4BD9C2671756F743B20616C69676E3D2671756F743B63656E7465722671756F743B2077696474683D2671756F743B3138302671756F743B2667743B0A202020202020202020202020266C743B74656D706C61746520736C6F742D73636F70653D2671756F743B73636F70652671756F743B2667743B0A20202020202020202020202020202020266C743B656C2D627574746F6E20762D69663D2671756F743B2173636F70652E726F772E73686F772671756F743B2073697A653D2671756F743B6D696E692671756F743B2040636C69636B3D2671756F743B68616E646C65456469742873636F70652E24696E646578292671756F743B2667743BE7BC96E8BE91266C743B2F656C2D627574746F6E2667743B0A20202020202020202020202020202020266C743B656C2D627574746F6E20762D656C73652073697A653D2671756F743B6D696E692671756F743B2040636C69636B3D2671756F743B736176654C6162656C2873636F70652E726F77292671756F743B2667743BE4BF9DE5AD98266C743B2F656C2D627574746F6E2667743B0A20202020202020202020202020202020266C743B656C2D627574746F6E20747970653D2671756F743B64616E6765722671756F743B2073697A653D2671756F743B6D696E692671756F743B2040636C69636B3D2671756F743B64656C6574654C6162656C2873636F70652E726F772E6964292671756F743B2667743BE588A0E999A4266C743B2F656C2D627574746F6E2667743B0A202020202020202020202020266C743B2F74656D706C6174652667743B0A2020202020202020266C743B2F656C2D7461626C652D636F6C756D6E2667743B0A20202020266C743B2F656C2D7461626C652667743B0A3C2F636F64653E3C2F7072653E0A3C703EE6B3A8E6848FE4B880E4B88BEFBC8CE99C80E8A681E7BB99E695B0E7BB84E79086E79A84E5AFB9E8B1A1E5A29EE58AA0E4B880E4B8AAE698BEE7A4BAE99A90E8978FE5B19EE680A73C2F703E0A3C7072653E3C636F646520636C6173733D226C616E672D223E202020202F2F20E7BB99E6AF8FE4B8AAE5AFB9E8B1A1E58AA0E4B8AAE5B19EE680A70A202020206C6973742E666F7245616368286974656D203D2667743B207B0A20202020202020206974656D5B2671756F743B73686F772671756F743B5D203D2066616C73650A202020207D293B0A20202020746869732E6C6162656C4C697374203D206C6973743B0A3C2F636F64653E3C2F7072653E0A3C703EE5AFB9E695B0E7BB84E79A84E79A84E5AFB9E8B1A1E5B19EE680A7E5819AE5938DE5BA94E5BC8FE8B58BE580BC3C2F703E0A3C7072653E3C636F646520636C6173733D226C616E672D223E2068616E646C654564697428696E64657829207B0A202020202020202020202020202020202F2F20E5AFB9E695B0E7BB84E58583E7B4A0E79BB4E68EA5E8BE85E58AA9E698AFE6B2A1E69C89E5819AE5938DE5BA94E5BC8FE79A840A202020202020202020202020202020202F2F2068747470733A2F2F636E2E7675656A732E6F72672F76322F67756964652F726561637469766974792E68746D6C232545352541362538322545342542442539352545382542462542442545382542382541412545352538462539382545352538432539360A202020202020202020202020202020202F2F20726F772E73686F77203D20747275653B20E8BF99E6A0B7E698AFE4B88DE8A18CE79A840A2020206C65742064617461203D20746869732E6C6162656C4C6973745B696E6465785D3B0A20202064617461203D207B0A20202069643A20646174612E69642C0A2020206E616D653A20646174612E6E616D652C0A20202073686F773A2021646174612E73686F770A2020207D0A202020746869732E2473657428746869732E6C6162656C4C6973742C20696E6465782C2064617461290A7D2C0A3C2F636F64653E3C2F7072653E0A, NULL, 1, 0, 0, NULL);

-- ----------------------------
-- Table structure for blog_comment
-- ----------------------------
DROP TABLE IF EXISTS `blog_comment`;
CREATE TABLE `blog_comment`  (
  `id` bigint(20) NOT NULL AUTO_INCREMENT COMMENT 'ID',
  `create_time` timestamp(0) NOT NULL DEFAULT CURRENT_TIMESTAMP(0) COMMENT '注册时间',
  `update_time` timestamp(0) NOT NULL DEFAULT CURRENT_TIMESTAMP(0) ON UPDATE CURRENT_TIMESTAMP(0) COMMENT '更新时间',
  `deleted` tinyint(4) NOT NULL DEFAULT 0 COMMENT '状态',
  `user_id` bigint(20) NOT NULL COMMENT '用户id',
  `pid` bigint(20) NOT NULL COMMENT '父评论id',
  `count_like` int(11) NOT NULL COMMENT '点赞数',
  `content` varchar(255) CHARACTER SET utf8mb4 COLLATE utf8mb4_general_ci NOT NULL COMMENT '评论内容',
  PRIMARY KEY (`id`) USING BTREE
) ENGINE = InnoDB AUTO_INCREMENT = 1 CHARACTER SET = utf8mb4 COLLATE = utf8mb4_general_ci COMMENT = '博客评论表' ROW_FORMAT = Dynamic;

-- ----------------------------
-- Table structure for blog_label
-- ----------------------------
DROP TABLE IF EXISTS `blog_label`;
CREATE TABLE `blog_label`  (
  `id` bigint(20) NOT NULL AUTO_INCREMENT COMMENT 'ID',
  `create_time` timestamp(0) NOT NULL DEFAULT CURRENT_TIMESTAMP(0) COMMENT '注册时间',
  `update_time` timestamp(0) NOT NULL DEFAULT CURRENT_TIMESTAMP(0) ON UPDATE CURRENT_TIMESTAMP(0) COMMENT '更新时间',
  `deleted` tinyint(4) NOT NULL DEFAULT 0 COMMENT '状态',
  `user_id` bigint(20) NOT NULL COMMENT '用户id',
  `name` varchar(50) CHARACTER SET utf8mb4 COLLATE utf8mb4_general_ci NOT NULL COMMENT '类型名字',
  PRIMARY KEY (`id`) USING BTREE
) ENGINE = InnoDB AUTO_INCREMENT = 8 CHARACTER SET = utf8mb4 COLLATE = utf8mb4_general_ci COMMENT = '标签' ROW_FORMAT = Dynamic;

-- ----------------------------
-- Records of blog_label
-- ----------------------------
INSERT INTO `blog_label` VALUES (1, '2020-05-25 09:21:12', '2020-06-12 14:09:22', 0, 1, '计划');
INSERT INTO `blog_label` VALUES (2, '2020-05-25 09:27:13', '2020-06-12 16:36:30', 0, 1, 'java');
INSERT INTO `blog_label` VALUES (3, '2020-06-10 16:49:41', '2020-06-12 14:09:22', 0, 1, '运维');
INSERT INTO `blog_label` VALUES (4, '2020-06-12 16:08:35', '2020-06-12 16:42:13', 0, 1, '123');
INSERT INTO `blog_label` VALUES (5, '2020-06-12 16:10:31', '2020-06-12 16:42:13', 0, 1, '12345');
INSERT INTO `blog_label` VALUES (6, '2020-06-12 16:36:07', '2020-06-12 16:36:07', 0, 1, 'vue');
INSERT INTO `blog_label` VALUES (7, '2020-06-12 16:37:04', '2020-06-12 16:42:14', 0, 1, 'mysql');

-- ----------------------------
-- Table structure for sys_menu
-- ----------------------------
DROP TABLE IF EXISTS `sys_menu`;
CREATE TABLE `sys_menu`  (
  `id` bigint(20) NOT NULL AUTO_INCREMENT,
  `create_user` bigint(20) NOT NULL,
  `create_time` timestamp(0) NOT NULL DEFAULT CURRENT_TIMESTAMP(0) COMMENT '注册时间',
  `update_user` bigint(20) NULL DEFAULT NULL,
  `update_time` timestamp(0) NULL DEFAULT NULL ON UPDATE CURRENT_TIMESTAMP(0) COMMENT '更新时间',
  `deleted` tinyint(4) NOT NULL DEFAULT 0,
  `parent_id` bigint(20) NULL DEFAULT NULL,
  `name` varchar(255) CHARACTER SET utf8mb4 COLLATE utf8mb4_general_ci NOT NULL COMMENT '菜单名称',
  `url` varchar(255) CHARACTER SET utf8mb4 COLLATE utf8mb4_general_ci NULL DEFAULT NULL COMMENT '菜单对应的url',
  `type` tinyint(4) NOT NULL DEFAULT 0 COMMENT '0 navbar菜单',
  `icon` varchar(255) CHARACTER SET utf8mb4 COLLATE utf8mb4_general_ci NOT NULL COMMENT '菜单图标',
  `sort` tinyint(4) NOT NULL COMMENT '排序',
  `level` tinyint(4) NOT NULL DEFAULT 0 COMMENT 'Level',
  `status` tinyint(4) NOT NULL DEFAULT 0 COMMENT '已激活',
  PRIMARY KEY (`id`) USING BTREE
) ENGINE = InnoDB AUTO_INCREMENT = 7 CHARACTER SET = utf8mb4 COLLATE = utf8mb4_general_ci COMMENT = '菜单表' ROW_FORMAT = Dynamic;

-- ----------------------------
-- Records of sys_menu
-- ----------------------------
INSERT INTO `sys_menu` VALUES (1, 1, '2020-04-02 17:11:09', 1, '2020-06-15 16:11:38', 0, NULL, '系统管理', '', 0, 'el-icon-setting', 1, 0, 0);
INSERT INTO `sys_menu` VALUES (2, 1, '2020-04-02 17:12:04', 1, '2020-06-15 15:56:32', 0, 1, '用户管理', '/sys/user/User', 0, 'el-icon-service', 1, 1, 0);
INSERT INTO `sys_menu` VALUES (3, 1, '2020-04-02 18:56:27', NULL, '2020-05-27 17:12:51', 0, 1, '角色管理', '/sys/role/Role', 0, 'el-icon-view', 2, 1, 0);
INSERT INTO `sys_menu` VALUES (4, 1, '2020-04-02 18:58:07', NULL, '2020-05-27 17:13:01', 0, 1, '菜单管理', '/sys/menu/Menu', 0, 'el-icon-menu', 3, 1, 0);
INSERT INTO `sys_menu` VALUES (5, 1, '2020-05-27 16:58:31', NULL, '2020-06-10 17:11:21', 0, NULL, '博客管理', '/blog/Article', 0, 'el-icon-document', 2, 0, 0);

-- ----------------------------
-- Table structure for sys_role
-- ----------------------------
DROP TABLE IF EXISTS `sys_role`;
CREATE TABLE `sys_role`  (
  `id` bigint(20) NOT NULL AUTO_INCREMENT,
  `create_user` bigint(20) NOT NULL,
  `create_time` timestamp(0) NOT NULL DEFAULT CURRENT_TIMESTAMP(0) COMMENT '注册时间',
  `update_user` bigint(20) NULL DEFAULT NULL,
  `update_time` timestamp(0) NOT NULL DEFAULT CURRENT_TIMESTAMP(0) ON UPDATE CURRENT_TIMESTAMP(0) COMMENT '更新时间',
  `deleted` tinyint(4) NOT NULL DEFAULT 0,
  `name` varchar(255) CHARACTER SET utf8mb4 COLLATE utf8mb4_general_ci NOT NULL COMMENT '登录密码',
  `status` tinyint(4) NOT NULL DEFAULT 0 COMMENT '已激活',
  `code` varchar(255) CHARACTER SET utf8mb4 COLLATE utf8mb4_general_ci NOT NULL COMMENT '简称',
  PRIMARY KEY (`id`) USING BTREE
) ENGINE = InnoDB AUTO_INCREMENT = 4 CHARACTER SET = utf8mb4 COLLATE = utf8mb4_general_ci COMMENT = '角色表' ROW_FORMAT = Dynamic;

-- ----------------------------
-- Records of sys_role
-- ----------------------------
INSERT INTO `sys_role` VALUES (1, 1, '2020-04-02 16:43:07', NULL, '2020-06-16 09:24:15', 0, '管理员', 0, 'gly');
INSERT INTO `sys_role` VALUES (2, 1, '2020-06-16 09:26:22', NULL, '2020-06-16 09:26:22', 0, '游客', 0, 'yk');
INSERT INTO `sys_role` VALUES (3, 1, '2020-06-17 10:41:47', NULL, '2020-06-17 10:41:47', 0, '博客管理', 0, 'bkgl');

-- ----------------------------
-- Table structure for sys_role_menu
-- ----------------------------
DROP TABLE IF EXISTS `sys_role_menu`;
CREATE TABLE `sys_role_menu`  (
  `id` bigint(20) NOT NULL AUTO_INCREMENT,
  `create_user` bigint(20) NOT NULL,
  `create_time` timestamp(0) NOT NULL DEFAULT CURRENT_TIMESTAMP(0) COMMENT '注册时间',
  `update_user` bigint(20) NULL DEFAULT NULL,
  `update_time` timestamp(0) NOT NULL DEFAULT CURRENT_TIMESTAMP(0) ON UPDATE CURRENT_TIMESTAMP(0) COMMENT '更新时间',
  `deleted` tinyint(4) NOT NULL DEFAULT 0,
  `role_id` bigint(20) NOT NULL DEFAULT 0 COMMENT '角色id',
  `menu_id` bigint(20) NOT NULL COMMENT '菜单id',
  PRIMARY KEY (`id`) USING BTREE
) ENGINE = InnoDB AUTO_INCREMENT = 18 CHARACTER SET = utf8mb4 COLLATE = utf8mb4_general_ci COMMENT = '角色菜单关联表' ROW_FORMAT = Dynamic;

-- ----------------------------
-- Records of sys_role_menu
-- ----------------------------
INSERT INTO `sys_role_menu` VALUES (1, 1, '2020-04-02 16:44:10', 1, '2020-06-17 08:43:51', 1, 1, 1);
INSERT INTO `sys_role_menu` VALUES (2, 1, '2020-04-02 17:55:23', 1, '2020-06-17 08:35:40', 1, 1, 2);
INSERT INTO `sys_role_menu` VALUES (3, 1, '2020-04-02 18:58:32', 1, '2020-06-17 08:43:51', 1, 1, 3);
INSERT INTO `sys_role_menu` VALUES (4, 1, '2020-04-02 18:58:42', 1, '2020-06-17 08:43:51', 1, 1, 4);
INSERT INTO `sys_role_menu` VALUES (5, 1, '2020-05-27 17:02:16', 1, '2020-06-17 08:43:51', 1, 1, 5);
INSERT INTO `sys_role_menu` VALUES (6, 1, '2020-05-27 17:02:25', NULL, '2020-05-27 17:02:25', 0, 1, 6);
INSERT INTO `sys_role_menu` VALUES (7, 1, '2020-06-17 08:49:12', NULL, '2020-06-17 08:49:12', 0, 1, 1);
INSERT INTO `sys_role_menu` VALUES (8, 1, '2020-06-17 08:49:12', 1, '2020-06-17 08:52:58', 1, 1, 2);
INSERT INTO `sys_role_menu` VALUES (9, 1, '2020-06-17 08:49:12', NULL, '2020-06-17 08:49:12', 0, 1, 3);
INSERT INTO `sys_role_menu` VALUES (10, 1, '2020-06-17 08:49:12', NULL, '2020-06-17 08:49:12', 0, 1, 4);
INSERT INTO `sys_role_menu` VALUES (11, 1, '2020-06-17 08:49:12', NULL, '2020-06-17 08:49:12', 0, 1, 5);
INSERT INTO `sys_role_menu` VALUES (12, 1, '2020-06-17 08:54:46', 1, '2020-06-17 09:03:17', 1, 2, 5);
INSERT INTO `sys_role_menu` VALUES (13, 1, '2020-06-17 09:03:17', NULL, '2020-06-17 09:03:17', 0, 2, 3);
INSERT INTO `sys_role_menu` VALUES (14, 1, '2020-06-17 09:03:17', NULL, '2020-06-17 09:03:17', 0, 2, 1);
INSERT INTO `sys_role_menu` VALUES (15, 1, '2020-06-17 10:41:07', 1, '2020-06-17 10:45:00', 1, 2, 4);
INSERT INTO `sys_role_menu` VALUES (16, 1, '2020-06-17 10:47:01', NULL, '2020-06-17 10:47:01', 0, 3, 5);
INSERT INTO `sys_role_menu` VALUES (17, 1, '2020-06-17 10:48:02', NULL, '2020-06-17 10:48:02', 0, 1, 2);

-- ----------------------------
-- Table structure for sys_user
-- ----------------------------
DROP TABLE IF EXISTS `sys_user`;
CREATE TABLE `sys_user`  (
  `id` bigint(20) NOT NULL AUTO_INCREMENT,
  `create_user` bigint(20) NOT NULL,
  `create_time` timestamp(0) NOT NULL DEFAULT CURRENT_TIMESTAMP(0) COMMENT '注册时间',
  `update_user` bigint(20) NULL DEFAULT NULL,
  `update_time` timestamp(0) NOT NULL DEFAULT CURRENT_TIMESTAMP(0) ON UPDATE CURRENT_TIMESTAMP(0) COMMENT '更新时间',
  `username` varchar(100) CHARACTER SET utf8mb4 COLLATE utf8mb4_general_ci NOT NULL,
  `password` varchar(100) CHARACTER SET utf8mb4 COLLATE utf8mb4_general_ci NOT NULL COMMENT '登录密码',
  `deleted` tinyint(4) NOT NULL DEFAULT 0 COMMENT '状态',
  PRIMARY KEY (`id`) USING BTREE
) ENGINE = InnoDB AUTO_INCREMENT = 4 CHARACTER SET = utf8mb4 COLLATE = utf8mb4_general_ci COMMENT = '用户表' ROW_FORMAT = Dynamic;

-- ----------------------------
-- Records of sys_user
-- ----------------------------
INSERT INTO `sys_user` VALUES (1, 1, '2020-01-15 16:06:45', NULL, '2020-04-02 16:38:58', 'admin', '82b9ec9d0778cf656de1925209577cfc', 0);
INSERT INTO `sys_user` VALUES (2, 1, '2020-06-17 15:09:09', NULL, '2020-06-17 15:09:09', '游客', 'cf683eab0c1f0e2e3522f11ccb86c849', 0);
INSERT INTO `sys_user` VALUES (3, 1, '2020-06-17 15:09:54', 1, '2020-06-17 15:23:25', '博客管理', 'e53ad1f782b22628d498cbeaba0b4b30', 1);

-- ----------------------------
-- Table structure for sys_user_role
-- ----------------------------
DROP TABLE IF EXISTS `sys_user_role`;
CREATE TABLE `sys_user_role`  (
  `id` bigint(20) NOT NULL AUTO_INCREMENT,
  `create_user` bigint(20) NOT NULL,
  `create_time` timestamp(0) NOT NULL DEFAULT CURRENT_TIMESTAMP(0) COMMENT '注册时间',
  `update_user` bigint(20) NULL DEFAULT NULL,
  `update_time` timestamp(0) NOT NULL DEFAULT CURRENT_TIMESTAMP(0) ON UPDATE CURRENT_TIMESTAMP(0) COMMENT '更新时间',
  `deleted` tinyint(4) NOT NULL DEFAULT 0,
  `user_id` bigint(20) NOT NULL COMMENT '用户id',
  `role_id` bigint(20) NOT NULL DEFAULT 0 COMMENT '角色id',
  PRIMARY KEY (`id`) USING BTREE
) ENGINE = InnoDB AUTO_INCREMENT = 6 CHARACTER SET = utf8mb4 COLLATE = utf8mb4_general_ci COMMENT = '用户角色关联表' ROW_FORMAT = Dynamic;

-- ----------------------------
-- Records of sys_user_role
-- ----------------------------
INSERT INTO `sys_user_role` VALUES (1, 1, '2020-04-02 16:44:10', NULL, '2020-04-02 16:44:10', 0, 1, 1);
INSERT INTO `sys_user_role` VALUES (2, 1, '2020-06-17 15:09:09', NULL, '2020-06-17 15:09:09', 0, 2, 2);
INSERT INTO `sys_user_role` VALUES (3, 1, '2020-06-17 15:09:54', 1, '2020-06-17 15:23:25', 1, 3, 3);
INSERT INTO `sys_user_role` VALUES (4, 1, '2020-06-17 15:19:53', 1, '2020-06-17 15:20:03', 1, 3, 2);
INSERT INTO `sys_user_role` VALUES (5, 1, '2020-06-17 15:20:03', 1, '2020-06-17 15:20:24', 1, 3, 1);

SET FOREIGN_KEY_CHECKS = 1;
